﻿<?xml version="1.0" encoding="utf-8" standalone="yes"?>
<language alias="en_us" intName="English (US)" localName="English (US)" lcid="" culture="en-US">
	<area alias="bento">
		<key alias="save">Save</key>
		<key alias="createElement">Insert content</key>
		<key alias="createNew">Create new library item</key>
		<key alias="useExisting">Use from library</key>
		<key alias="insertLayout">Insert layout</key>
		<key alias="selectItemType">Select an item type</key>
		<key alias="selectLayout">Select Layout</key>
		<key alias="layoutOptions">Layout Options</key>
		<key alias="layoutSettings">Layout Settings</key>
		<key alias="EditLayoutArea">Edit Layout Area</key>
		<key alias="areaElementTypes">Allowed single use item types</key>
		<key alias="areaContentTypes">Allowed reusable library item types</key>
		<key alias="areaContentTypesDescription">Select the item types the editor is allowed to create in or select from the library.  Requires library to be configured.</key>
		<key alias="areaElementTypesDescription">Select the single use item types the editor is allowed to embed.</key>
		<key alias="editPreValueOptions">Edit Pre Value Options</key>
		<key alias="editSetting">Edit Setting</key>
		<key alias="layoutName">Layout name</key>
		<key alias="layoutAlias">Layout alias</key>
		<key alias="layoutColumns">Layout columns</key>
		<key alias="layoutColumnsDescription">For layouts we assume that 100% of the space is available so for E.G. 1fr for each column will distribute the columns over that available space. 1f 2fr 1fr will make the second column twice as wide as the first and last using only the available space.</key>
		<key alias="columnSize">Column size</key>
		<key alias="columnWidth">Column width</key>
		<key alias="add">Add</key>
		<key alias="layoutPreview">Layout preview</key>
		<key alias="layoutAreas">Layout areas</key>
		<key alias="layoutAreasDescription">Areas represent spaces in your CSS grid layout. Column and row are represented as spans between lines. Example.  Putting 2 in column and 1 in row will result in an area that spans from line 2 to 3 for the col and line 1 for the row to the next line.</key>
		<key alias="name">Name</key>
		<key alias="alias">Alias</key>
		<key alias="label">Label</key>
		<key alias="columns">Columns</key>
		<key alias="rows">Rows</key>
		<key alias="areaName">Area name</key>
		<key alias="areaAlias">Area alias</key>
		<key alias="areaColumn">Area column</key>
		<key alias="areaRow">Area row</key>
		<key alias="selectAnOption">Select an option</key>
		<key alias="required">Required</key>
		<key alias="validationPatern">Validation patern</key>
		<key alias="preValues">Pre values</key>
		<key alias="allowMultipleSelection">Allow multiple selection</key>
		<key alias="cancel">Cancel</key>
		<key alias="imOkWithThis">I'm ok with this</key>
		<key alias="layoutWarningTitle">You have selected a layout that holds less items</key>
		<key alias="layoutWarningSubtitle">If you continue you may lose content. The new layout is not big enough to contain the number of items the previous layout contained</key>
		<key alias="unsavedLayoutChangeWarningTitle">You have made layout changes</key>
		<key alias="unsavedLayoutChangeWarningSubtitle">If you continue all changes to this layout will be lost</key>
		<key alias="keepEditing">keep editing</key>
		<key alias="mappingwarning">Are you sure?</key>
		<key alias="mappingwarningsubtitle">You have decided to convert a linked library item into an embedded item. If you proceed all properties will be mapped to the new locations.  Be aware that if you have this wrong your data may end up in the wrong location.</key>
		<key alias="convert">Convert and embed</key>
		<key alias="mapitems">Map properties</key>
		<key alias="mapitems_old">Old Alias</key>
		<key alias="mapitems_new">New Alias</key>
		<key alias="layout">Layout</key>
		<key alias="generalSettings">General Settings</key>
		<key alias="areaSettings">Area Settings</key>
		<key alias="allowedItems">Allowed items</key>

		<key alias="allowSorting">Allow Sorting?</key>
		<key alias="sortingEnabled">Sorting Enabled</key>
		<key alias="sortingEnabledWarning">While sorting is enabled you cannot set restrictions on allowed item types at the area level.</key>
		<key alias="allowSortingDescription">When enabled, areas in a layout can be sorted. NOTE: all areas will be configured to allow all of the below item types and area restrictions will not apply.</key>
		<key alias="allowedElementTypes">Allowed single use item types</key>
		<key alias="allowedContentTypes">Allowed reusable library item types</key>
		<key alias="layoutSettingsDescription">Select the content type (this is used to configure the layout settings for each bento layout).</key>
		<key alias="noItemTypes">No item types or reusable library types configured for this layout area</key>
	</area>
</language>